{"cameraMode":{"drawMode":0,"name":"Shaded","section":"Shading Mode"},"sceneLighting":true,"audioPlay":false,"sceneViewState":{"m_AlwaysRefresh":false,"showFog":true,"showSkybox":true,"showFlares":true,"showImageEffects":true,"showParticleSystems":true,"showVisualEffectGraphs":true,"m_FxEnabled":true},"in2DMode":false,"pivot":{"x":1.5570125579833985,"y":3.1308164596557619,"z":-2.6711068153381349},"rotation":{"x":0.15900444984436036,"y":-0.7973935008049011,"z":0.2388220578432083,"w":0.5309012532234192},"size":30.611194610595704,"orthographic":false}